Model_Name,Score,Rank
iphone,0.010648762809241237,5
oneplus,0.8028398096618489,1
mi,0.601418199383244,3
asus,0.5902357440092229,4
vivo,0.6165827907607075,2
