Model_Name,Score,Rank
M1,0.49074697096753195,2
M2,0.6092049386430642,1
M3,0.21727025492058827,4
M4,0.2054409424045214,5
M5,0.24775526690396435,3
