Model_Name,Score,Rank
K1,0.5449358580335095,2
K2,0.5449358580335095,2
K3,0.5449358580335095,2
K4,0.5449358580335095,2
K5,0.5449358580335095,2
K6,0.6338201922422814,1
K7,0.5449358580335095,2
K8,0.3661798077577185,3
K9,0.5449358580335095,2
